Vorname,Nachname,Stadt,E-Mail
Douglas,Bauer,Stuttgart,wesley55@example.org
Sarah,Bullock,Berlin,lawrencedorothy@example.org
Linda,Carroll,Frankfurt,tuckerrobert@example.com
Teresa,Dyer,Essen,dale66@example.net
Tiffany,Miles,Berlin,jacob06@example.org
David,Barnes,Dortmund,james44@example.org
Johnathan,Simon,Hamburg,murrayrichard@example.org
Amy,Powell,Frankfurt,kalexander@example.org
Melissa,Friedman,Stuttgart,dianekaufman@example.net
Lauren,Stanley,Essen,jacksonjonathan@example.org
Jennifer,Yang,Bremen,jdiaz@example.com
Linda,Beck,Berlin,dylan18@example.net
Amanda,Smith,Stuttgart,cynthiaacosta@example.com
Timothy,Alvarez,Leipzig,mpowell@example.com
Megan,Duncan,Leipzig,mitchellmichael@example.net
Kimberly,Flores,Dresden,tammyfarmer@example.org
Nicholas,Mullen,Dortmund,nbrennan@example.com
Hannah,Jones,Stuttgart,jtodd@example.org
Crystal,Wallace,Bremen,sara21@example.org
Patricia,Hendrix,Bremen,bryangeorge@example.com
Jason,Martin,Bremen,nicole49@example.com
Cory,Le,Munich,smartinez@example.net
Katherine,Moreno,Munich,crystal38@example.com
Sheila,Nguyen,Munich,hannah34@example.org
Benjamin,Peters,Leipzig,bonnie48@example.net
Maxwell,Gray,Leipzig,michaelpollard@example.org
Joseph,Moran,Rostock,wstephens@example.org
John,Garrison,Munich,franksanders@example.com
Jennifer,Hoffman,Essen,danielbennett@example.com
Pedro,Lopez,Essen,lopezcassandra@example.net
Jean,Butler,Dusseldorf,hintonbilly@example.org
Joseph,Cohen,Cologne,brendawhite@example.net
Kathleen,Hawkins,Stuttgart,comptonmelanie@example.org
Eric,Johnson,Berlin,ggallagher@example.org
James,Castillo,Dusseldorf,smithjustin@example.org
Richard,Ball,Rostock,leejay@example.net
Deborah,Webb,Rostock,cohenjessica@example.net
Kimberly,Hughes,Dortmund,ksteele@example.com
Samuel,Anderson,Hamburg,ijones@example.com
April,Diaz,Leipzig,calderonbrenda@example.com
Daniel,Andrade,Bremen,ivanallen@example.com
Thomas,Schmidt,Bremen,smithbryce@example.net
Antonio,Stanley,Essen,lawrencematthew@example.org
April,Hester,Essen,ywilson@example.net
Anne,Johnson,Bremen,kevin68@example.com
Michael,Alvarado,Hamburg,ramirezraymond@example.net
Jason,Garza,Munich,qcain@example.com
Elizabeth,Stone,Dusseldorf,oliveramber@example.net
Karen,Bishop,Munich,xreeves@example.net
Donna,Harris,Bremen,timothy06@example.net
Stephanie,Cantu,Cologne,peteracosta@example.net
Christopher,Scott,Hamburg,lauramiller@example.com
Luis,Austin,Essen,richardsanchez@example.org
Meagan,Smith,Rostock,gilescynthia@example.org
Carol,Rhodes,Frankfurt,brownjennifer@example.net
Jennifer,Odom,Bremen,whitelisa@example.com
Michelle,Brown,Dresden,joan38@example.org
Donald,Page,Stuttgart,cdavis@example.org
Lance,Olsen,Essen,alanwilcox@example.com
Jonathan,Fletcher,Essen,bennettkristine@example.com
Jeffrey,Riley,Essen,erichall@example.com
Ann,Smith,Dresden,danielhiggins@example.net
Anna,Dixon,Cologne,djohnson@example.com
Joshua,Hunter,Dresden,steven83@example.org
David,Li,Berlin,hughesdavid@example.org
Gerald,Holland,Berlin,rroberts@example.com
Melvin,Pierce,Dusseldorf,adamlarson@example.com
Nicholas,Archer,Essen,lhernandez@example.org
Sarah,Obrien,Essen,coreygreene@example.net
Wendy,Johnson,Leipzig,keith50@example.net
Adriana,Pacheco,Dresden,oharrison@example.com
Natalie,Snyder,Bremen,davischarles@example.net
Donna,Haynes,Stuttgart,frichards@example.org
Aaron,Davis,Bremen,marcus50@example.org
Lisa,Rowland,Dusseldorf,raymond22@example.net
Kimberly,Ferrell,Stuttgart,daviddoyle@example.net
Richard,Petersen,Berlin,garciajohnny@example.org
Ricky,Berry,Dortmund,sylviabrown@example.org
David,Frank,Rostock,collinsthomas@example.net
Andrew,Dorsey,Cologne,kelly82@example.com
Russell,Gardner,Rostock,hguerra@example.com
Dennis,Gibson,Frankfurt,hmoore@example.net
Rhonda,Fitzgerald,Leipzig,garciazachary@example.org
Matthew,Valencia,Stuttgart,taterebecca@example.com
Nicole,Cantrell,Dortmund,patricia03@example.com
Amanda,Edwards,Cologne,palmerrachel@example.com
Lisa,Gomez,Leipzig,allenpatrick@example.net
Matthew,Walker,Essen,angelamckenzie@example.com
Sara,Knight,Munich,michaeldavis@example.com
Paul,Walters,Bremen,connie69@example.com
Christina,Bell,Dortmund,nharding@example.com
Tammy,Chapman,Berlin,martindyer@example.org
Michelle,Fritz,Frankfurt,waterskathy@example.com
Thomas,Roberts,Cologne,xward@example.org
Jacqueline,Lewis,Frankfurt,unelson@example.org
Daniel,Chung,Rostock,gstrong@example.org
Isaiah,Johnson,Cologne,thomasyvonne@example.org
Katrina,Warner,Munich,fmartinez@example.net
Virginia,Thomas,Hamburg,pharmon@example.net
Peter,Livingston,Stuttgart,jensenjose@example.org
Kimberly,Baker,Munich,sholt@example.org
Justin,Jenkins,Dresden,christine32@example.org
Lacey,Higgins,Dresden,johnnyreed@example.net
James,Bell,Munich,richardkari@example.net
Ian,Gibbs,Dresden,gonzalezadriana@example.org
Kelli,Watson,Dresden,joneskyle@example.net
David,Torres,Bremen,andrew43@example.net
Whitney,Johnson,Dusseldorf,dana45@example.com
Andrea,Warner,Leipzig,loganalexa@example.net
Sandra,Davis,Munich,rogerdavis@example.net
Jesus,Peterson,Berlin,dennis74@example.org
Eric,Guzman,Frankfurt,dgrant@example.org
Peter,Gray,Rostock,ebishop@example.org
Derrick,Walker,Rostock,kristen93@example.com
Chelsea,Monroe,Hamburg,matthewlewis@example.org
Jennifer,Young,Berlin,obryan@example.net
Frank,Reyes,Hamburg,trevor01@example.net
Laura,Nguyen,Berlin,aprilreyes@example.net
Jason,Harvey,Bremen,fergusonsamantha@example.net
Erik,Zuniga,Bremen,paige06@example.net
Alison,Franco,Hamburg,smithgabriel@example.net
Julie,Weaver,Essen,bowenarthur@example.com
Erika,Ferguson,Hamburg,daniel80@example.com
Michael,Kim,Essen,jwilkinson@example.net
Nicholas,Lewis,Essen,tyleracevedo@example.org
Jennifer,Morgan,Essen,pottercory@example.org
Mark,Caldwell,Dortmund,rcoleman@example.org
Amanda,Brady,Leipzig,tdavis@example.net
Shannon,Johnson,Leipzig,olsonmichael@example.net
Hector,Montgomery,Dortmund,william27@example.com
John,Lewis,Dortmund,mherman@example.com
Dwayne,House,Dortmund,james37@example.org
Nancy,Mcintosh,Rostock,peter69@example.org
Erin,Martinez,Berlin,uperkins@example.com
Kayla,Taylor,Essen,lorettaclark@example.org
Danielle,Hebert,Dusseldorf,sclark@example.com
Carol,Carter,Essen,jennifer59@example.org
Chad,Cooper,Frankfurt,brittanyedwards@example.org
Samuel,Rodriguez,Dresden,josephcasey@example.com
Brandon,Peterson,Stuttgart,campbellkevin@example.com
Teresa,Atkins,Stuttgart,karen34@example.org
Matthew,Weaver,Frankfurt,adam54@example.org
Karen,Reeves,Dusseldorf,toddrogers@example.org
Andrew,Morgan,Rostock,castillojacob@example.org
Kimberly,Smith,Stuttgart,hernandezsylvia@example.com
Jean,Cochran,Munich,whitekrista@example.com
Andrew,Graham,Frankfurt,christyrivas@example.org
Jonathan,Rivas,Stuttgart,rjackson@example.net
Andrew,Galloway,Essen,daltonrebecca@example.net
Margaret,Kelley,Frankfurt,raymond51@example.com
