UserId,First_Name,Last_Name,City,E-Mail
d6d59c31-306e-4360-a781-f3acd88ed6c7,Rachel,Hart,Leipzig,thomas37@example.com
f5828940-e886-43cc-b9ce-f5c7b5612e5d,Robert,Anderson,Dortmund,gmartin@example.org
3b67b925-5f77-4866-9be0-1914e77e818b,Samantha,Olson,Dortmund,xmerritt@example.com
20ba9fce-6453-4af5-a6d8-c16e01c6c82d,Bryan,Perkins,Bremen,patrickcochran@example.net
cd817132-1af9-4079-a21b-3f196dde55e7,Michelle,Villarreal,Bremen,williamphillips@example.org
c4604e86-8a7e-495f-a267-a7f018f665e4,Crystal,Johnson,Leipzig,rgarcia@example.net
985935b9-02c1-46f3-8866-f00d965f1c76,Maria,Johnson,Dresden,cruzshelby@example.org
5e10a0a2-758e-428f-a7f4-0c383ece54d1,Emily,Woodard,Berlin,ismith@example.org
c7e0733c-047e-45d4-82ce-3495dd927bc6,Steven,Kemp,Munich,jrosario@example.net
b43d100e-48ed-450c-8364-aa71e5988b2c,Megan,Wallace,Stuttgart,wilsonkatherine@example.net
51b7b1c1-5efd-4e19-8d55-e01d559ebb99,Corey,Webb,Cologne,david18@example.org
7b073d1c-5037-4b7f-8a1c-ff943b5c5aee,Patricia,Brown,Stuttgart,christopher69@example.net
4863c11b-2666-455d-a95a-4553d9794a85,Joseph,Holden,Stuttgart,marcus65@example.org
928044a0-5bab-4295-a2b6-9fb626fbe22b,Benjamin,Thompson,Berlin,pricemichaela@example.net
0e3abf1d-c768-47b1-a7d4-49a48e7d3934,Bryce,Norton,Leipzig,trevor03@example.com
469e13b6-f3d1-44bf-89d1-b6b552a998aa,Brittany,Jones,Dortmund,ronald73@example.org
94688784-eb4c-4440-94f3-1330feeec659,Nicole,Meyer,Frankfurt,dalvarez@example.net
fe29efd9-d17a-4305-aa2a-c395a1be1675,Jose,Bryan,Frankfurt,karen39@example.org
2b013174-f828-410f-bfdb-90d338bdbf34,Karen,Watts,Hamburg,chelsey06@example.com
b46c44b9-f0e8-41f7-9acb-1c623e5c1ad1,Brian,Williams,Frankfurt,jose97@example.com
1beba32d-b7fa-4b71-bf50-b18a76ae462d,Brenda,Smith,Leipzig,michaelmayer@example.com
9776537b-1a1a-4a44-abb0-eb8353752512,Craig,Bell,Berlin,tracywilliams@example.net
7db985a8-3863-43fc-a320-30d964042f5a,Derek,Ryan,Cologne,amymiller@example.org
b6dcbb0c-5eec-40d8-b533-0375a137acc9,Arthur,Fernandez,Dortmund,christopherburke@example.org
2dd93b64-c955-41f0-ab17-9fb6ad162716,Sarah,Edwards,Leipzig,ashley93@example.com
ffc7bcbb-d001-424b-b724-c9bf81352415,Calvin,Norman,Leipzig,danieldavis@example.com
a6caf3a6-917e-40f2-b0c7-6b9b6633e7a5,Marisa,Dawson,Dortmund,haley19@example.com
0907408e-c8ea-48b9-b1ed-19f55bd636a2,Erica,Daniels,Dortmund,dennismosley@example.org
6a8e34b5-e626-4676-bae0-89153281815c,Justin,Branch,Hamburg,jeffreysullivan@example.net
75d7211e-6da7-46d7-b401-901ffab8d5cd,Matthew,Ellison,Dusseldorf,racheljensen@example.net
fd5414a7-0ff0-4d16-a1b7-751055fb164e,David,Douglas,Rostock,riveraariel@example.net
c8652c95-f750-4335-9d44-05c0f78ae713,Jacqueline,Hill,Cologne,james43@example.net
6a73a542-44fc-4b48-88cd-ca9225f1531c,Donna,Clark,Dusseldorf,sergio06@example.com
80f1c4fd-f301-4ca4-a291-bad50143306d,Micheal,Jones,Munich,ebarry@example.com
702566d2-40ef-4779-ae93-165f508ef20e,Samuel,Nelson,Essen,cummingsnatasha@example.com
9d0f0955-cd02-44af-9dd0-6739ed814dd4,Bruce,Dunn,Berlin,ghunter@example.org
987c758c-b850-46d8-a0a9-f929c5f9a59b,Lisa,Ramirez,Hamburg,lisaramirez@example.org
16ce35c0-d15f-4cdc-978e-b57f95776913,Lori,Mckenzie,Dortmund,marie35@example.net
ee5c375d-d916-4a13-8ed4-b959f3a3477f,John,Hernandez,Dusseldorf,madams@example.org
f93ff043-6cb3-40ae-be08-fa8afbd75c1f,John,Smith,Stuttgart,colin64@example.org
41703200-9425-45dc-b046-9178cced29ab,Monica,Griffith,Dresden,jonathanhill@example.org
71c90dcd-26d5-4253-a2e7-190c539fcff1,Daniel,Kaiser,Berlin,michael57@example.net
44983c0c-f61b-4d8b-9d27-6cc604acba78,James,Turner,Stuttgart,umyers@example.org
51451cbd-149a-4d24-a1bd-835ae99c5b28,Ronald,Smith,Dortmund,jennifer65@example.net
ce5ac04a-7153-4db3-8ed5-fbbd210840c0,Robert,Scott,Munich,zwells@example.net
b213e1a7-0fb2-4634-ae12-e662a32a8f55,James,Peters,Munich,jordanamy@example.com
70c29bee-5476-42cb-a995-a2de7e44208e,Stephen,Wilson,Munich,stephen07@example.org
6b79371f-0d35-4c89-8dac-8e192cb9dccc,Jeremy,Fisher,Leipzig,zoeanderson@example.com
acbf7afb-864d-429e-80b8-0273987a3551,Kelsey,Franco,Dortmund,malik67@example.org
0c0cf185-070e-45ab-9b40-8bf05d75f666,Anna,Lara,Rostock,cohencindy@example.net
2b76476a-bd6f-4211-af2d-1bf9fdb1f66e,Jamie,Rosales,Essen,wturner@example.net
1c8310ef-cd2a-47d7-8849-427d0a28eb0f,Curtis,Rogers,Essen,stewartmanuel@example.org
80d62193-d552-4f17-bccb-13cb6cb5097f,Patrick,Schwartz,Cologne,williamsonlauren@example.org
fccb3a30-abc5-489d-9111-b5784f0f8197,Nathaniel,Brown,Bremen,leslietaylor@example.org
43745d5c-ff0f-40a5-86ec-7a5e05c3c8b4,Erika,Schmidt,Berlin,zwells@example.net
d73d8485-285d-4f4b-b553-3dab774d63f6,Zachary,Henry,Essen,nathanwright@example.net
04461aed-4d8a-4b9d-b1b1-0f3cc96b3925,Melinda,Rodriguez,Bremen,stacy87@example.net
e80c7df0-14eb-4f47-a2a0-be06006bd358,Carolyn,Perez,Bremen,qhale@example.com
cb1dcf9d-bb72-4613-a24b-13f86fc8bf04,Melissa,Camacho,Essen,ravenjames@example.com
40ad37e6-d29b-4b79-ac7c-73175d550c05,Kimberly,Martinez,Frankfurt,paulgregory@example.org
7de95fd0-fa9d-4843-831f-acfefbb39c6d,Austin,Whitaker,Berlin,mroberts@example.net
5f6ba4ea-8938-4090-be32-c555c8dffae6,Michael,Dennis,Essen,watkinsmatthew@example.com
a8f24905-1a7d-484a-bba4-824c2d3bfcb8,Julia,Guerra,Bremen,nguyenjennifer@example.net
537b8b15-c394-46ea-960b-7bc7baaa2f23,Kimberly,Smith,Rostock,wross@example.org
c9c1a7a5-d330-4e9e-9951-7a09bf2d146a,Wesley,Martin,Munich,amanda70@example.net
3310fe03-2571-4ffa-9293-73a7c471f778,Samuel,Martinez,Stuttgart,melissagibson@example.org
602e8e97-fb06-4b66-9751-59b084c4804a,Robert,Hunt,Frankfurt,lawrencematthew@example.com
64e5d8f3-d74a-4945-986b-c00b8d3f18d2,Jason,Campbell,Munich,acoffey@example.net
fc425553-d10d-4c8d-9d62-fb3b6269727b,Nathan,Jones,Cologne,jennifer00@example.com
7d952457-13a0-45f4-bf4c-4f3c4cfd4a3a,Tyrone,Jones,Leipzig,stephanie61@example.org
e9e1d0d7-a4fa-4a43-be9c-2078b119b684,Tommy,Henry,Dortmund,dhale@example.com
4ae10fb8-7187-493e-a271-357490b5c945,William,Bell,Cologne,anthony45@example.com
96b95943-d44d-4b64-b52e-14fa7a881f93,Patricia,Harrell,Hamburg,qzavala@example.net
caaa81cb-327b-4663-80f8-739c05043af4,Laura,Deleon,Dusseldorf,bsantana@example.org
e894ca26-afc0-4af5-a860-ba893a160e9e,Jacob,Burton,Munich,jasminehorne@example.org
ee420cb2-51e8-4e1b-b97c-024c07fae566,Justin,Davis,Munich,collinsmichelle@example.com
e8d24aff-11c0-4549-8a5f-be00cac3d3f4,Amanda,White,Bremen,goodanne@example.net
4601a392-083e-4112-b0fb-733855168ac0,Susan,Campbell,Hamburg,james05@example.net
15f3cc82-919a-4ed9-a1cb-9aec2cc7f8c1,Tony,Jackson,Cologne,morenologan@example.net
cc07ce13-d547-4239-9b62-67b1c95fef57,Gina,Anderson,Dortmund,cindy80@example.org
7b549a76-6d0c-4cb8-b209-ac0f8c579ccc,William,Navarro,Cologne,rwalker@example.com
f97beeae-930b-4886-bdc4-a4228c499fd7,Matthew,Aguilar,Dusseldorf,kgreen@example.com
a8df1ae6-df4f-4183-8425-978a7c0ebf92,Matthew,Hernandez,Dusseldorf,raymond17@example.com
d01cddd8-0b1f-4b68-b97b-e6db0551d18d,Katherine,White,Frankfurt,ecollins@example.com
a091dbb4-0092-4ab2-b235-7e1bc0204807,Christy,Hernandez,Cologne,caleb71@example.net
19476b38-34aa-488f-ba8c-b0ec7712fdb4,Michael,Allen,Dortmund,susan04@example.net
8561a147-893c-4747-9adb-8aab7c9566f7,Shannon,Anderson,Stuttgart,qbradford@example.com
5cdad939-7f46-4594-b1bd-b57ebf975e25,Gabrielle,Tanner,Frankfurt,brittanystone@example.org
c84d5dbe-f929-4afe-9702-32c4ca20123c,Jimmy,Ramirez,Dresden,bryantcynthia@example.com
2c812659-ebfb-4887-a1f3-169050ef7ec4,Lori,Kerr,Dusseldorf,rhorn@example.net
c6ce650a-80a9-450a-9ef8-b9f9a36228bf,Stephanie,Hebert,Leipzig,ichoi@example.net
523f285a-b1a0-4de0-a99c-57b3141045e9,Jeremy,Scott,Essen,martinezdebbie@example.org
31b14c49-503e-43fd-b5ee-b3f3625138e4,Gina,Moore,Dresden,walter56@example.org
d9d9142c-408f-4801-976c-d8cbfdd92aa2,William,Kirby,Cologne,morrismichael@example.net
f78272c5-6e4e-4631-b554-03b3e6ca4bdd,Bonnie,Ball,Berlin,uallen@example.org
03d1e49e-706e-4ba3-b6d1-deaae2b51384,Heidi,Christensen,Hamburg,lewiskevin@example.com
2c44ad82-1986-4ba7-b75d-faf81ccedefb,Amy,Hayden,Bremen,rwilcox@example.net
52dff8a1-45b6-40cb-847d-8f9dd0b4a0db,Andrea,Weber,Leipzig,kyle09@example.net
ee019ea2-40be-4dc3-9343-aa4a70dee581,Destiny,Sullivan,Frankfurt,sjackson@example.com
a091b31a-c13e-43fe-bb55-a2929b154af1,Michael,Arnold,Munich,emily81@example.org
108fcc18-7b26-4226-b891-ae6023e88660,Jeffery,Perez,Munich,inelson@example.org
f773782f-7412-4cde-837f-d880d69f56dc,James,Mccall,Berlin,billyhansen@example.net
acd8b7dd-5164-408b-a662-50981620c18d,Miranda,Miles,Cologne,osmith@example.net
7f2fcb53-4e7a-4c5e-b3dd-b1690ac3f46b,Christopher,Evans,Bremen,dalenelson@example.net
f4d08f94-8e95-4bd9-8487-6bf51b4000f6,Janice,Wall,Leipzig,copelandrandy@example.com
71682539-95cf-4833-b65d-0cf45effd292,Patrick,Ho,Essen,maryhart@example.net
e8ea8ccc-4161-4257-a264-ae811b9200fd,Kimberly,Brooks,Berlin,brianamoss@example.net
7e04ab8d-72eb-41eb-af9d-574d131d7314,Linda,Owens,Frankfurt,thomashull@example.net
6d2854f4-eff4-4268-9aa6-095aa2e80daa,Joy,Webb,Hamburg,johnwood@example.net
32523da0-d109-47e7-aff2-073f5f1a4c3a,Stephanie,Thompson,Essen,cheryldonovan@example.net
d04f7d58-c8c0-4eab-81ad-38ecb45c8a85,Alisha,Duke,Dusseldorf,manuel58@example.net
e5b46579-bbd3-4262-aa13-0a05738f4e00,Robert,Mayer,Leipzig,balexander@example.org
6b3c287f-2b95-43ed-bdc4-0252d1e54bd2,Allison,Warner,Dresden,becky71@example.com
ad65eee0-59fd-4de6-a57a-aa23bd924038,Robert,Brown,Essen,josephpatel@example.com
09a48dd5-8df4-431e-938e-11ace69584bc,Daniel,Pham,Dresden,teresabaker@example.net
16948d86-4523-4892-8301-ee0cac1d007c,Melanie,Munoz,Hamburg,knightgeorge@example.com
aa3fdb7d-607f-466c-b252-1bda387713db,Alison,Nicholson,Munich,taylordaniel@example.org
4a2beeb4-4668-41c4-b731-d29a3fe4fc85,Tina,Banks,Dortmund,perryjessica@example.org
6b723758-3393-42b2-82ed-ae2d1f5f79f6,Kendra,Turner,Berlin,juliehart@example.net
8971f611-7551-44c3-91d2-87b41b4c459f,Tyler,Davis,Stuttgart,goodwinmargaret@example.com
e786e863-b9cd-47cb-aec7-d252e3774e16,Connie,Osborne,Dortmund,sandra81@example.com
6a6c5b1b-9aad-40cc-8ae8-13cbe8b299a4,Scott,Tran,Munich,stephen63@example.org
a9db64d8-0c02-4eb0-b922-d5cd95ebad6c,Justin,Dennis,Dortmund,leeerika@example.com
98ba5dd6-8a88-49f1-a9bc-aaa1a9bcc4e2,Daniel,Kent,Frankfurt,smithlinda@example.org
3cb3b132-3fb1-4b07-a3c7-b5dda7518244,Kyle,Evans,Dortmund,petersenluke@example.com
850a1703-7fe2-424f-839b-4f37abcc38e1,Justin,Munoz,Rostock,mcbridemelissa@example.net
2f6df516-60b7-4159-9a45-eac230e2573d,Danny,Perez,Dresden,vmoran@example.com
3f573d02-b4c4-4871-a109-066c5d842d17,Kayla,Rodriguez,Berlin,wcarter@example.net
68796771-0bd3-42a9-9914-8aac759fecaf,Jose,Lamb,Dresden,hoffmanchristopher@example.net
2dbfd03f-ad87-4bb4-bb77-26f06d188335,Rachel,Little,Dusseldorf,troyrogers@example.com
e3491b5d-daa4-4399-8e8d-6643799ba448,Derek,Benitez,Essen,martinezchristopher@example.org
3eb9de9f-42b4-490e-ba00-6d91dab8fdf0,Gabrielle,Smith,Stuttgart,cassandrasnyder@example.net
5d9beecb-8714-4f58-bee1-23bc3f4d8e07,Tommy,Jenkins,Frankfurt,evansbenjamin@example.org
0938c06a-b896-46d1-8c0d-31075da360ba,Michael,Carter,Frankfurt,awilson@example.com
0694bbd9-547b-425c-a740-8cccbf067267,David,Walker,Hamburg,bmurphy@example.com
21bc2f4d-e6fb-4f37-aa14-cb3c88fbafc6,Raymond,Rose,Rostock,fcarlson@example.net
2b621ee8-8792-4938-a0ad-424f540566c9,Karen,Bishop,Leipzig,deborah12@example.com
0f734f48-884b-4f37-b98f-27c9a5d9e87b,Stacie,Gentry,Essen,tyler50@example.org
63118c0c-5743-414f-89fb-3a1f017b6cfe,Lee,Valenzuela,Cologne,lisaarmstrong@example.com
b6295fad-84ff-4bf9-8b73-5c73a3203c3e,Sandra,King,Essen,gibsonallison@example.net
a88945f3-98bf-469c-9f69-1f33bb05800a,Deanna,Wolfe,Berlin,fitzgeraldtammy@example.net
5b171566-e033-4889-8347-19814aa5b5a0,Blake,Lewis,Hamburg,emilyparker@example.net
7526ecb9-af53-4d79-8803-15b16d9bed3b,Margaret,Fowler,Cologne,anna47@example.net
e4ef929c-5b7c-452e-9ffd-28703f3090e7,Jennifer,Williams,Leipzig,mdonovan@example.net
80f01edf-798c-4376-93be-9a0a05a55173,Christine,Alvarez,Frankfurt,josegonzalez@example.com
f96b8ee2-8cea-482c-86ad-b15fec6d38fb,Eric,Mcpherson,Cologne,mallory19@example.org
1387f527-8aa8-4740-ab59-614f9c4779e4,Michael,Anderson,Leipzig,singhrose@example.org
fcf41564-52a9-4bfb-b637-981614ad7e8e,Debra,Harmon,Leipzig,robingrant@example.net
48354f1c-6760-4a2a-a3af-529d89e9a153,Jose,Chan,Dusseldorf,rgreen@example.net
00ed49ee-c418-4a14-a6f6-0da5fb03098a,Rachel,Johnston,Essen,benderstephen@example.net
